 ,Label,Mean,Slice
1,210203_LEXY_combined.tif:Cell-01:LEXY-08_w1RFP-BP_t1,52.49,1
2,210203_LEXY_combined.tif:Cell-02:LEXY-08_w1RFP-BP_t1,69.74,1
3,210203_LEXY_combined.tif:Cell-03:LEXY-08_w1RFP-BP_t1,57.47,1
4,210203_LEXY_combined.tif:Cell-04:LEXY-08_w1RFP-BP_t1,6.79,1
5,210203_LEXY_combined.tif:Cell-01:LEXY-08_w1RFP-BP_t2,51.02,2
6,210203_LEXY_combined.tif:Cell-02:LEXY-08_w1RFP-BP_t2,68.34,2
7,210203_LEXY_combined.tif:Cell-03:LEXY-08_w1RFP-BP_t2,56.29,2
8,210203_LEXY_combined.tif:Cell-04:LEXY-08_w1RFP-BP_t2,6.33,2
9,210203_LEXY_combined.tif:Cell-01:LEXY-08_w1RFP-BP_t3,48.45,3
10,210203_LEXY_combined.tif:Cell-02:LEXY-08_w1RFP-BP_t3,65.69,3
11,210203_LEXY_combined.tif:Cell-03:LEXY-08_w1RFP-BP_t3,53.85,3
12,210203_LEXY_combined.tif:Cell-04:LEXY-08_w1RFP-BP_t3,5.35,3
13,210203_LEXY_combined.tif:Cell-01:LEXY-08_w1RFP-BP_t4,46.90,4
14,210203_LEXY_combined.tif:Cell-02:LEXY-08_w1RFP-BP_t4,63.81,4
15,210203_LEXY_combined.tif:Cell-03:LEXY-08_w1RFP-BP_t4,52.23,4
16,210203_LEXY_combined.tif:Cell-04:LEXY-08_w1RFP-BP_t4,5.04,4
17,210203_LEXY_combined.tif:Cell-01:LEXY-08_w1RFP-BP_t5,45.99,5
18,210203_LEXY_combined.tif:Cell-02:LEXY-08_w1RFP-BP_t5,63.32,5
19,210203_LEXY_combined.tif:Cell-03:LEXY-08_w1RFP-BP_t5,51.44,5
20,210203_LEXY_combined.tif:Cell-04:LEXY-08_w1RFP-BP_t5,5.70,5
21,210203_LEXY_combined.tif:Cell-01:LEXY-08_w1RFP-BP_t6,44.08,6
22,210203_LEXY_combined.tif:Cell-02:LEXY-08_w1RFP-BP_t6,61.16,6
23,210203_LEXY_combined.tif:Cell-03:LEXY-08_w1RFP-BP_t6,50.16,6
24,210203_LEXY_combined.tif:Cell-04:LEXY-08_w1RFP-BP_t6,5.08,6
25,210203_LEXY_combined.tif:Cell-01:LEXY-08_w1RFP-BP_t7,42.03,7
26,210203_LEXY_combined.tif:Cell-02:LEXY-08_w1RFP-BP_t7,59.55,7
27,210203_LEXY_combined.tif:Cell-03:LEXY-08_w1RFP-BP_t7,48.26,7
28,210203_LEXY_combined.tif:Cell-04:LEXY-08_w1RFP-BP_t7,4.78,7
29,210203_LEXY_combined.tif:Cell-01:LEXY-08_w1RFP-BP_t8,40.69,8
30,210203_LEXY_combined.tif:Cell-02:LEXY-08_w1RFP-BP_t8,57.94,8
31,210203_LEXY_combined.tif:Cell-03:LEXY-08_w1RFP-BP_t8,47.03,8
32,210203_LEXY_combined.tif:Cell-04:LEXY-08_w1RFP-BP_t8,4.42,8
33,210203_LEXY_combined.tif:Cell-01:LEXY-08_w1RFP-BP_t9,39.34,9
34,210203_LEXY_combined.tif:Cell-02:LEXY-08_w1RFP-BP_t9,56.33,9
35,210203_LEXY_combined.tif:Cell-03:LEXY-08_w1RFP-BP_t9,46.06,9
36,210203_LEXY_combined.tif:Cell-04:LEXY-08_w1RFP-BP_t9,4.50,9
37,210203_LEXY_combined.tif:Cell-01:LEXY-08_w1RFP-BP_t10,37.81,10
38,210203_LEXY_combined.tif:Cell-02:LEXY-08_w1RFP-BP_t10,54.88,10
39,210203_LEXY_combined.tif:Cell-03:LEXY-08_w1RFP-BP_t10,44.72,10
40,210203_LEXY_combined.tif:Cell-04:LEXY-08_w1RFP-BP_t10,4.30,10
41,210203_LEXY_combined.tif:Cell-01:LEXY-08_w1RFP-BP_t11,37.00,11
42,210203_LEXY_combined.tif:Cell-02:LEXY-08_w1RFP-BP_t11,53.62,11
43,210203_LEXY_combined.tif:Cell-03:LEXY-08_w1RFP-BP_t11,43.50,11
44,210203_LEXY_combined.tif:Cell-04:LEXY-08_w1RFP-BP_t11,3.97,11
45,210203_LEXY_combined.tif:Cell-01:LEXY-08_w1RFP-BP_t12,35.82,12
46,210203_LEXY_combined.tif:Cell-02:LEXY-08_w1RFP-BP_t12,52.29,12
47,210203_LEXY_combined.tif:Cell-03:LEXY-08_w1RFP-BP_t12,42.45,12
48,210203_LEXY_combined.tif:Cell-04:LEXY-08_w1RFP-BP_t12,4.03,12
49,210203_LEXY_combined.tif:Cell-01:LEXY-08_w1RFP-BP_t13,34.80,13
50,210203_LEXY_combined.tif:Cell-02:LEXY-08_w1RFP-BP_t13,51.26,13
51,210203_LEXY_combined.tif:Cell-03:LEXY-08_w1RFP-BP_t13,41.82,13
52,210203_LEXY_combined.tif:Cell-04:LEXY-08_w1RFP-BP_t13,3.85,13
53,210203_LEXY_combined.tif:Cell-01:LEXY-08_w1RFP-BP_t14,34.25,14
54,210203_LEXY_combined.tif:Cell-02:LEXY-08_w1RFP-BP_t14,50.25,14
55,210203_LEXY_combined.tif:Cell-03:LEXY-08_w1RFP-BP_t14,41.00,14
56,210203_LEXY_combined.tif:Cell-04:LEXY-08_w1RFP-BP_t14,3.85,14
57,210203_LEXY_combined.tif:Cell-01:LEXY-08_w1RFP-BP_t15,33.41,15
58,210203_LEXY_combined.tif:Cell-02:LEXY-08_w1RFP-BP_t15,49.08,15
59,210203_LEXY_combined.tif:Cell-03:LEXY-08_w1RFP-BP_t15,40.03,15
60,210203_LEXY_combined.tif:Cell-04:LEXY-08_w1RFP-BP_t15,3.73,15
61,210203_LEXY_combined.tif:Cell-01:LEXY-08_w1RFP-BP_t16,32.54,16
62,210203_LEXY_combined.tif:Cell-02:LEXY-08_w1RFP-BP_t16,47.94,16
63,210203_LEXY_combined.tif:Cell-03:LEXY-08_w1RFP-BP_t16,39.36,16
64,210203_LEXY_combined.tif:Cell-04:LEXY-08_w1RFP-BP_t16,3.68,16
65,210203_LEXY_combined.tif:Cell-01:LEXY-08_w1RFP-BP_t17,32.37,17
66,210203_LEXY_combined.tif:Cell-02:LEXY-08_w1RFP-BP_t17,47.58,17
67,210203_LEXY_combined.tif:Cell-03:LEXY-08_w1RFP-BP_t17,39.02,17
68,210203_LEXY_combined.tif:Cell-04:LEXY-08_w1RFP-BP_t17,3.75,17
69,210203_LEXY_combined.tif:Cell-01:LEXY-08_w1RFP-BP_t18,31.95,18
70,210203_LEXY_combined.tif:Cell-02:LEXY-08_w1RFP-BP_t18,46.71,18
71,210203_LEXY_combined.tif:Cell-03:LEXY-08_w1RFP-BP_t18,38.52,18
72,210203_LEXY_combined.tif:Cell-04:LEXY-08_w1RFP-BP_t18,3.62,18
73,210203_LEXY_combined.tif:Cell-01:LEXY-08_w1RFP-BP_t19,31.68,19
74,210203_LEXY_combined.tif:Cell-02:LEXY-08_w1RFP-BP_t19,46.00,19
75,210203_LEXY_combined.tif:Cell-03:LEXY-08_w1RFP-BP_t19,38.08,19
76,210203_LEXY_combined.tif:Cell-04:LEXY-08_w1RFP-BP_t19,3.65,19
77,210203_LEXY_combined.tif:Cell-01:LEXY-08_w1RFP-BP_t20,31.37,20
78,210203_LEXY_combined.tif:Cell-02:LEXY-08_w1RFP-BP_t20,45.44,20
79,210203_LEXY_combined.tif:Cell-03:LEXY-08_w1RFP-BP_t20,37.59,20
80,210203_LEXY_combined.tif:Cell-04:LEXY-08_w1RFP-BP_t20,3.55,20
81,210203_LEXY_combined.tif:Cell-01:LEXY-11_w1RFP-BP_t1,33.62,21
82,210203_LEXY_combined.tif:Cell-02:LEXY-11_w1RFP-BP_t1,46.06,21
83,210203_LEXY_combined.tif:Cell-03:LEXY-11_w1RFP-BP_t1,39.07,21
84,210203_LEXY_combined.tif:Cell-04:LEXY-11_w1RFP-BP_t1,4.50,21
85,210203_LEXY_combined.tif:Cell-01:LEXY-11_w1RFP-BP_t2,34.47,22
86,210203_LEXY_combined.tif:Cell-02:LEXY-11_w1RFP-BP_t2,46.71,22
87,210203_LEXY_combined.tif:Cell-03:LEXY-11_w1RFP-BP_t2,39.84,22
88,210203_LEXY_combined.tif:Cell-04:LEXY-11_w1RFP-BP_t2,4.66,22
89,210203_LEXY_combined.tif:Cell-01:LEXY-11_w1RFP-BP_t3,35.55,23
90,210203_LEXY_combined.tif:Cell-02:LEXY-11_w1RFP-BP_t3,47.77,23
91,210203_LEXY_combined.tif:Cell-03:LEXY-11_w1RFP-BP_t3,40.66,23
92,210203_LEXY_combined.tif:Cell-04:LEXY-11_w1RFP-BP_t3,4.81,23
93,210203_LEXY_combined.tif:Cell-01:LEXY-11_w1RFP-BP_t4,37.03,24
94,210203_LEXY_combined.tif:Cell-02:LEXY-11_w1RFP-BP_t4,49.02,24
95,210203_LEXY_combined.tif:Cell-03:LEXY-11_w1RFP-BP_t4,41.66,24
96,210203_LEXY_combined.tif:Cell-04:LEXY-11_w1RFP-BP_t4,4.98,24
97,210203_LEXY_combined.tif:Cell-01:LEXY-11_w1RFP-BP_t5,38.24,25
98,210203_LEXY_combined.tif:Cell-02:LEXY-11_w1RFP-BP_t5,50.20,25
99,210203_LEXY_combined.tif:Cell-03:LEXY-11_w1RFP-BP_t5,42.60,25
100,210203_LEXY_combined.tif:Cell-04:LEXY-11_w1RFP-BP_t5,5.22,25
101,210203_LEXY_combined.tif:Cell-01:LEXY-11_w1RFP-BP_t6,39.57,26
102,210203_LEXY_combined.tif:Cell-02:LEXY-11_w1RFP-BP_t6,51.90,26
103,210203_LEXY_combined.tif:Cell-03:LEXY-11_w1RFP-BP_t6,43.69,26
104,210203_LEXY_combined.tif:Cell-04:LEXY-11_w1RFP-BP_t6,5.46,26
105,210203_LEXY_combined.tif:Cell-01:LEXY-11_w1RFP-BP_t7,41.07,27
106,210203_LEXY_combined.tif:Cell-02:LEXY-11_w1RFP-BP_t7,52.88,27
107,210203_LEXY_combined.tif:Cell-03:LEXY-11_w1RFP-BP_t7,44.65,27
108,210203_LEXY_combined.tif:Cell-04:LEXY-11_w1RFP-BP_t7,5.46,27
109,210203_LEXY_combined.tif:Cell-01:LEXY-11_w1RFP-BP_t8,42.25,28
110,210203_LEXY_combined.tif:Cell-02:LEXY-11_w1RFP-BP_t8,54.22,28
111,210203_LEXY_combined.tif:Cell-03:LEXY-11_w1RFP-BP_t8,45.61,28
112,210203_LEXY_combined.tif:Cell-04:LEXY-11_w1RFP-BP_t8,5.67,28
113,210203_LEXY_combined.tif:Cell-01:LEXY-11_w1RFP-BP_t9,43.72,29
114,210203_LEXY_combined.tif:Cell-02:LEXY-11_w1RFP-BP_t9,55.32,29
115,210203_LEXY_combined.tif:Cell-03:LEXY-11_w1RFP-BP_t9,46.52,29
116,210203_LEXY_combined.tif:Cell-04:LEXY-11_w1RFP-BP_t9,5.98,29
117,210203_LEXY_combined.tif:Cell-01:LEXY-11_w1RFP-BP_t10,44.42,30
118,210203_LEXY_combined.tif:Cell-02:LEXY-11_w1RFP-BP_t10,56.01,30
119,210203_LEXY_combined.tif:Cell-03:LEXY-11_w1RFP-BP_t10,46.81,30
120,210203_LEXY_combined.tif:Cell-04:LEXY-11_w1RFP-BP_t10,6.05,30
121,210203_LEXY_combined.tif:Cell-01:LEXY-11_w1RFP-BP_t11,45.81,31
122,210203_LEXY_combined.tif:Cell-02:LEXY-11_w1RFP-BP_t11,57.57,31
123,210203_LEXY_combined.tif:Cell-03:LEXY-11_w1RFP-BP_t11,48.08,31
124,210203_LEXY_combined.tif:Cell-04:LEXY-11_w1RFP-BP_t11,6.24,31
125,210203_LEXY_combined.tif:Cell-01:LEXY-11_w1RFP-BP_t12,46.78,32
126,210203_LEXY_combined.tif:Cell-02:LEXY-11_w1RFP-BP_t12,58.66,32
127,210203_LEXY_combined.tif:Cell-03:LEXY-11_w1RFP-BP_t12,48.86,32
128,210203_LEXY_combined.tif:Cell-04:LEXY-11_w1RFP-BP_t12,6.30,32
129,210203_LEXY_combined.tif:Cell-01:LEXY-11_w1RFP-BP_t13,47.88,33
130,210203_LEXY_combined.tif:Cell-02:LEXY-11_w1RFP-BP_t13,59.91,33
131,210203_LEXY_combined.tif:Cell-03:LEXY-11_w1RFP-BP_t13,49.69,33
132,210203_LEXY_combined.tif:Cell-04:LEXY-11_w1RFP-BP_t13,6.57,33
133,210203_LEXY_combined.tif:Cell-01:LEXY-11_w1RFP-BP_t14,48.85,34
134,210203_LEXY_combined.tif:Cell-02:LEXY-11_w1RFP-BP_t14,60.49,34
135,210203_LEXY_combined.tif:Cell-03:LEXY-11_w1RFP-BP_t14,50.29,34
136,210203_LEXY_combined.tif:Cell-04:LEXY-11_w1RFP-BP_t14,6.62,34
137,210203_LEXY_combined.tif:Cell-01:LEXY-11_w1RFP-BP_t15,49.70,35
138,210203_LEXY_combined.tif:Cell-02:LEXY-11_w1RFP-BP_t15,61.77,35
139,210203_LEXY_combined.tif:Cell-03:LEXY-11_w1RFP-BP_t15,51.18,35
140,210203_LEXY_combined.tif:Cell-04:LEXY-11_w1RFP-BP_t15,6.65,35
141,210203_LEXY_combined.tif:Cell-01:LEXY-11_w1RFP-BP_t16,50.69,36
142,210203_LEXY_combined.tif:Cell-02:LEXY-11_w1RFP-BP_t16,62.46,36
143,210203_LEXY_combined.tif:Cell-03:LEXY-11_w1RFP-BP_t16,51.78,36
144,210203_LEXY_combined.tif:Cell-04:LEXY-11_w1RFP-BP_t16,6.98,36
145,210203_LEXY_combined.tif:Cell-01:LEXY-11_w1RFP-BP_t17,51.30,37
146,210203_LEXY_combined.tif:Cell-02:LEXY-11_w1RFP-BP_t17,63.49,37
147,210203_LEXY_combined.tif:Cell-03:LEXY-11_w1RFP-BP_t17,52.33,37
148,210203_LEXY_combined.tif:Cell-04:LEXY-11_w1RFP-BP_t17,7.07,37
149,210203_LEXY_combined.tif:Cell-01:LEXY-11_w1RFP-BP_t18,52.23,38
150,210203_LEXY_combined.tif:Cell-02:LEXY-11_w1RFP-BP_t18,64.01,38
151,210203_LEXY_combined.tif:Cell-03:LEXY-11_w1RFP-BP_t18,53.02,38
152,210203_LEXY_combined.tif:Cell-04:LEXY-11_w1RFP-BP_t18,7.29,38
153,210203_LEXY_combined.tif:Cell-01:LEXY-11_w1RFP-BP_t19,52.83,39
154,210203_LEXY_combined.tif:Cell-02:LEXY-11_w1RFP-BP_t19,65.08,39
155,210203_LEXY_combined.tif:Cell-03:LEXY-11_w1RFP-BP_t19,53.71,39
156,210203_LEXY_combined.tif:Cell-04:LEXY-11_w1RFP-BP_t19,7.50,39
157,210203_LEXY_combined.tif:Cell-01:LEXY-11_w1RFP-BP_t20,53.60,40
158,210203_LEXY_combined.tif:Cell-02:LEXY-11_w1RFP-BP_t20,66.06,40
159,210203_LEXY_combined.tif:Cell-03:LEXY-11_w1RFP-BP_t20,54.41,40
160,210203_LEXY_combined.tif:Cell-04:LEXY-11_w1RFP-BP_t20,7.50,40
161,210203_LEXY_combined.tif:Cell-01:LEXY-11_w1RFP-BP_t21,54.49,41
162,210203_LEXY_combined.tif:Cell-02:LEXY-11_w1RFP-BP_t21,66.98,41
163,210203_LEXY_combined.tif:Cell-03:LEXY-11_w1RFP-BP_t21,54.84,41
164,210203_LEXY_combined.tif:Cell-04:LEXY-11_w1RFP-BP_t21,7.73,41
165,210203_LEXY_combined.tif:Cell-01:LEXY-11_w1RFP-BP_t22,55.21,42
166,210203_LEXY_combined.tif:Cell-02:LEXY-11_w1RFP-BP_t22,67.86,42
167,210203_LEXY_combined.tif:Cell-03:LEXY-11_w1RFP-BP_t22,55.66,42
168,210203_LEXY_combined.tif:Cell-04:LEXY-11_w1RFP-BP_t22,7.81,42
169,210203_LEXY_combined.tif:Cell-01:LEXY-11_w1RFP-BP_t23,55.95,43
170,210203_LEXY_combined.tif:Cell-02:LEXY-11_w1RFP-BP_t23,68.67,43
171,210203_LEXY_combined.tif:Cell-03:LEXY-11_w1RFP-BP_t23,56.38,43
172,210203_LEXY_combined.tif:Cell-04:LEXY-11_w1RFP-BP_t23,7.92,43
173,210203_LEXY_combined.tif:Cell-01:LEXY-11_w1RFP-BP_t24,56.90,44
174,210203_LEXY_combined.tif:Cell-02:LEXY-11_w1RFP-BP_t24,69.48,44
175,210203_LEXY_combined.tif:Cell-03:LEXY-11_w1RFP-BP_t24,57.02,44
176,210203_LEXY_combined.tif:Cell-04:LEXY-11_w1RFP-BP_t24,7.93,44
177,210203_LEXY_combined.tif:Cell-01:LEXY-11_w1RFP-BP_t25,56.92,45
178,210203_LEXY_combined.tif:Cell-02:LEXY-11_w1RFP-BP_t25,69.58,45
179,210203_LEXY_combined.tif:Cell-03:LEXY-11_w1RFP-BP_t25,57.15,45
180,210203_LEXY_combined.tif:Cell-04:LEXY-11_w1RFP-BP_t25,7.95,45
181,210203_LEXY_combined.tif:Cell-01:LEXY-11_w1RFP-BP_t26,57.86,46
182,210203_LEXY_combined.tif:Cell-02:LEXY-11_w1RFP-BP_t26,70.34,46
183,210203_LEXY_combined.tif:Cell-03:LEXY-11_w1RFP-BP_t26,57.97,46
184,210203_LEXY_combined.tif:Cell-04:LEXY-11_w1RFP-BP_t26,8.23,46
185,210203_LEXY_combined.tif:Cell-01:LEXY-11_w1RFP-BP_t27,58.70,47
186,210203_LEXY_combined.tif:Cell-02:LEXY-11_w1RFP-BP_t27,71.59,47
187,210203_LEXY_combined.tif:Cell-03:LEXY-11_w1RFP-BP_t27,58.87,47
188,210203_LEXY_combined.tif:Cell-04:LEXY-11_w1RFP-BP_t27,8.37,47
189,210203_LEXY_combined.tif:Cell-01:LEXY-11_w1RFP-BP_t28,59.12,48
190,210203_LEXY_combined.tif:Cell-02:LEXY-11_w1RFP-BP_t28,72.15,48
191,210203_LEXY_combined.tif:Cell-03:LEXY-11_w1RFP-BP_t28,59.28,48
192,210203_LEXY_combined.tif:Cell-04:LEXY-11_w1RFP-BP_t28,8.45,48
193,210203_LEXY_combined.tif:Cell-01:LEXY-11_w1RFP-BP_t29,59.94,49
194,210203_LEXY_combined.tif:Cell-02:LEXY-11_w1RFP-BP_t29,72.93,49
195,210203_LEXY_combined.tif:Cell-03:LEXY-11_w1RFP-BP_t29,60.03,49
196,210203_LEXY_combined.tif:Cell-04:LEXY-11_w1RFP-BP_t29,8.65,49
197,210203_LEXY_combined.tif:Cell-01:LEXY-11_w1RFP-BP_t30,60.52,50
198,210203_LEXY_combined.tif:Cell-02:LEXY-11_w1RFP-BP_t30,73.76,50
199,210203_LEXY_combined.tif:Cell-03:LEXY-11_w1RFP-BP_t30,60.69,50
200,210203_LEXY_combined.tif:Cell-04:LEXY-11_w1RFP-BP_t30,8.63,50
201,210203_LEXY_combined.tif:Cell-01:LEXY-11_w1RFP-BP_t31,61.03,51
202,210203_LEXY_combined.tif:Cell-02:LEXY-11_w1RFP-BP_t31,74.44,51
203,210203_LEXY_combined.tif:Cell-03:LEXY-11_w1RFP-BP_t31,61.27,51
204,210203_LEXY_combined.tif:Cell-04:LEXY-11_w1RFP-BP_t31,8.84,51
205,210203_LEXY_combined.tif:Cell-01:LEXY-11_w1RFP-BP_t32,61.44,52
206,210203_LEXY_combined.tif:Cell-02:LEXY-11_w1RFP-BP_t32,75.21,52
207,210203_LEXY_combined.tif:Cell-03:LEXY-11_w1RFP-BP_t32,61.18,52
208,210203_LEXY_combined.tif:Cell-04:LEXY-11_w1RFP-BP_t32,8.72,52
209,210203_LEXY_combined.tif:Cell-01:LEXY-11_w1RFP-BP_t33,61.91,53
210,210203_LEXY_combined.tif:Cell-02:LEXY-11_w1RFP-BP_t33,75.10,53
211,210203_LEXY_combined.tif:Cell-03:LEXY-11_w1RFP-BP_t33,61.77,53
212,210203_LEXY_combined.tif:Cell-04:LEXY-11_w1RFP-BP_t33,8.95,53
213,210203_LEXY_combined.tif:Cell-01:LEXY-11_w1RFP-BP_t34,62.60,54
214,210203_LEXY_combined.tif:Cell-02:LEXY-11_w1RFP-BP_t34,76.49,54
215,210203_LEXY_combined.tif:Cell-03:LEXY-11_w1RFP-BP_t34,62.30,54
216,210203_LEXY_combined.tif:Cell-04:LEXY-11_w1RFP-BP_t34,8.88,54
217,210203_LEXY_combined.tif:Cell-01:LEXY-12_w1RFP-BP_t1,64.92,55
218,210203_LEXY_combined.tif:Cell-02:LEXY-12_w1RFP-BP_t1,77.98,55
219,210203_LEXY_combined.tif:Cell-03:LEXY-12_w1RFP-BP_t1,63.48,55
220,210203_LEXY_combined.tif:Cell-04:LEXY-12_w1RFP-BP_t1,9.46,55
221,210203_LEXY_combined.tif:Cell-01:LEXY-12_w1RFP-BP_t2,61.97,56
222,210203_LEXY_combined.tif:Cell-02:LEXY-12_w1RFP-BP_t2,75.01,56
223,210203_LEXY_combined.tif:Cell-03:LEXY-12_w1RFP-BP_t2,61.50,56
224,210203_LEXY_combined.tif:Cell-04:LEXY-12_w1RFP-BP_t2,8.53,56
225,210203_LEXY_combined.tif:Cell-01:LEXY-12_w1RFP-BP_t3,58.07,57
226,210203_LEXY_combined.tif:Cell-02:LEXY-12_w1RFP-BP_t3,72.08,57
227,210203_LEXY_combined.tif:Cell-03:LEXY-12_w1RFP-BP_t3,58.74,57
228,210203_LEXY_combined.tif:Cell-04:LEXY-12_w1RFP-BP_t3,7.15,57
229,210203_LEXY_combined.tif:Cell-01:LEXY-12_w1RFP-BP_t4,55.19,58
230,210203_LEXY_combined.tif:Cell-02:LEXY-12_w1RFP-BP_t4,68.97,58
231,210203_LEXY_combined.tif:Cell-03:LEXY-12_w1RFP-BP_t4,56.48,58
232,210203_LEXY_combined.tif:Cell-04:LEXY-12_w1RFP-BP_t4,6.49,58
233,210203_LEXY_combined.tif:Cell-01:LEXY-12_w1RFP-BP_t5,52.57,59
234,210203_LEXY_combined.tif:Cell-02:LEXY-12_w1RFP-BP_t5,66.69,59
235,210203_LEXY_combined.tif:Cell-03:LEXY-12_w1RFP-BP_t5,54.28,59
236,210203_LEXY_combined.tif:Cell-04:LEXY-12_w1RFP-BP_t5,5.70,59
237,210203_LEXY_combined.tif:Cell-01:LEXY-12_w1RFP-BP_t6,50.15,60
238,210203_LEXY_combined.tif:Cell-02:LEXY-12_w1RFP-BP_t6,63.90,60
239,210203_LEXY_combined.tif:Cell-03:LEXY-12_w1RFP-BP_t6,52.28,60
240,210203_LEXY_combined.tif:Cell-04:LEXY-12_w1RFP-BP_t6,5.32,60
241,210203_LEXY_combined.tif:Cell-01:LEXY-12_w1RFP-BP_t7,48.08,61
242,210203_LEXY_combined.tif:Cell-02:LEXY-12_w1RFP-BP_t7,61.53,61
243,210203_LEXY_combined.tif:Cell-03:LEXY-12_w1RFP-BP_t7,50.45,61
244,210203_LEXY_combined.tif:Cell-04:LEXY-12_w1RFP-BP_t7,4.89,61
245,210203_LEXY_combined.tif:Cell-01:LEXY-12_w1RFP-BP_t8,46.48,62
246,210203_LEXY_combined.tif:Cell-02:LEXY-12_w1RFP-BP_t8,60.33,62
247,210203_LEXY_combined.tif:Cell-03:LEXY-12_w1RFP-BP_t8,49.11,62
248,210203_LEXY_combined.tif:Cell-04:LEXY-12_w1RFP-BP_t8,4.76,62
249,210203_LEXY_combined.tif:Cell-01:LEXY-12_w1RFP-BP_t9,44.80,63
250,210203_LEXY_combined.tif:Cell-02:LEXY-12_w1RFP-BP_t9,58.02,63
251,210203_LEXY_combined.tif:Cell-03:LEXY-12_w1RFP-BP_t9,47.61,63
252,210203_LEXY_combined.tif:Cell-04:LEXY-12_w1RFP-BP_t9,4.69,63
253,210203_LEXY_combined.tif:Cell-01:LEXY-12_w1RFP-BP_t10,43.05,64
254,210203_LEXY_combined.tif:Cell-02:LEXY-12_w1RFP-BP_t10,56.33,64
255,210203_LEXY_combined.tif:Cell-03:LEXY-12_w1RFP-BP_t10,46.43,64
256,210203_LEXY_combined.tif:Cell-04:LEXY-12_w1RFP-BP_t10,4.49,64
257,210203_LEXY_combined.tif:Cell-01:LEXY-12_w1RFP-BP_t11,41.92,65
258,210203_LEXY_combined.tif:Cell-02:LEXY-12_w1RFP-BP_t11,54.32,65
259,210203_LEXY_combined.tif:Cell-03:LEXY-12_w1RFP-BP_t11,45.19,65
260,210203_LEXY_combined.tif:Cell-04:LEXY-12_w1RFP-BP_t11,4.23,65
261,210203_LEXY_combined.tif:Cell-01:LEXY-13_w1RFP-BP_t1,41.67,66
262,210203_LEXY_combined.tif:Cell-02:LEXY-13_w1RFP-BP_t1,53.89,66
263,210203_LEXY_combined.tif:Cell-03:LEXY-13_w1RFP-BP_t1,45.07,66
264,210203_LEXY_combined.tif:Cell-04:LEXY-13_w1RFP-BP_t1,4.80,66
265,210203_LEXY_combined.tif:Cell-01:LEXY-13_w1RFP-BP_t2,42.73,67
266,210203_LEXY_combined.tif:Cell-02:LEXY-13_w1RFP-BP_t2,54.62,67
267,210203_LEXY_combined.tif:Cell-03:LEXY-13_w1RFP-BP_t2,45.35,67
268,210203_LEXY_combined.tif:Cell-04:LEXY-13_w1RFP-BP_t2,4.43,67
269,210203_LEXY_combined.tif:Cell-01:LEXY-13_w1RFP-BP_t3,44.28,68
270,210203_LEXY_combined.tif:Cell-02:LEXY-13_w1RFP-BP_t3,56.01,68
271,210203_LEXY_combined.tif:Cell-03:LEXY-13_w1RFP-BP_t3,46.58,68
272,210203_LEXY_combined.tif:Cell-04:LEXY-13_w1RFP-BP_t3,5.06,68
273,210203_LEXY_combined.tif:Cell-01:LEXY-13_w1RFP-BP_t4,45.43,69
274,210203_LEXY_combined.tif:Cell-02:LEXY-13_w1RFP-BP_t4,57.12,69
275,210203_LEXY_combined.tif:Cell-03:LEXY-13_w1RFP-BP_t4,47.44,69
276,210203_LEXY_combined.tif:Cell-04:LEXY-13_w1RFP-BP_t4,5.26,69
277,210203_LEXY_combined.tif:Cell-01:LEXY-13_w1RFP-BP_t5,46.63,70
278,210203_LEXY_combined.tif:Cell-02:LEXY-13_w1RFP-BP_t5,58.20,70
279,210203_LEXY_combined.tif:Cell-03:LEXY-13_w1RFP-BP_t5,48.25,70
280,210203_LEXY_combined.tif:Cell-04:LEXY-13_w1RFP-BP_t5,5.01,70
281,210203_LEXY_combined.tif:Cell-01:LEXY-13_w1RFP-BP_t6,47.74,71
282,210203_LEXY_combined.tif:Cell-02:LEXY-13_w1RFP-BP_t6,59.06,71
283,210203_LEXY_combined.tif:Cell-03:LEXY-13_w1RFP-BP_t6,48.95,71
284,210203_LEXY_combined.tif:Cell-04:LEXY-13_w1RFP-BP_t6,5.32,71
285,210203_LEXY_combined.tif:Cell-01:LEXY-13_w1RFP-BP_t7,48.87,72
286,210203_LEXY_combined.tif:Cell-02:LEXY-13_w1RFP-BP_t7,60.63,72
287,210203_LEXY_combined.tif:Cell-03:LEXY-13_w1RFP-BP_t7,49.98,72
288,210203_LEXY_combined.tif:Cell-04:LEXY-13_w1RFP-BP_t7,5.35,72
289,210203_LEXY_combined.tif:Cell-01:LEXY-13_w1RFP-BP_t8,50.42,73
290,210203_LEXY_combined.tif:Cell-02:LEXY-13_w1RFP-BP_t8,62.08,73
291,210203_LEXY_combined.tif:Cell-03:LEXY-13_w1RFP-BP_t8,51.81,73
292,210203_LEXY_combined.tif:Cell-04:LEXY-13_w1RFP-BP_t8,6.76,73
293,210203_LEXY_combined.tif:Cell-01:LEXY-13_w1RFP-BP_t9,51.70,74
294,210203_LEXY_combined.tif:Cell-02:LEXY-13_w1RFP-BP_t9,63.37,74
295,210203_LEXY_combined.tif:Cell-03:LEXY-13_w1RFP-BP_t9,52.64,74
296,210203_LEXY_combined.tif:Cell-04:LEXY-13_w1RFP-BP_t9,6.86,74
297,210203_LEXY_combined.tif:Cell-01:LEXY-13_w1RFP-BP_t10,52.71,75
298,210203_LEXY_combined.tif:Cell-02:LEXY-13_w1RFP-BP_t10,64.11,75
299,210203_LEXY_combined.tif:Cell-03:LEXY-13_w1RFP-BP_t10,53.32,75
300,210203_LEXY_combined.tif:Cell-04:LEXY-13_w1RFP-BP_t10,6.79,75
301,210203_LEXY_combined.tif:Cell-01:LEXY-13_w1RFP-BP_t11,53.84,76
302,210203_LEXY_combined.tif:Cell-02:LEXY-13_w1RFP-BP_t11,65.47,76
303,210203_LEXY_combined.tif:Cell-03:LEXY-13_w1RFP-BP_t11,54.36,76
304,210203_LEXY_combined.tif:Cell-04:LEXY-13_w1RFP-BP_t11,7.19,76
305,210203_LEXY_combined.tif:Cell-01:LEXY-13_w1RFP-BP_t12,54.82,77
306,210203_LEXY_combined.tif:Cell-02:LEXY-13_w1RFP-BP_t12,66.31,77
307,210203_LEXY_combined.tif:Cell-03:LEXY-13_w1RFP-BP_t12,55.09,77
308,210203_LEXY_combined.tif:Cell-04:LEXY-13_w1RFP-BP_t12,7.42,77
309,210203_LEXY_combined.tif:Cell-01:LEXY-13_w1RFP-BP_t13,55.68,78
310,210203_LEXY_combined.tif:Cell-02:LEXY-13_w1RFP-BP_t13,67.08,78
311,210203_LEXY_combined.tif:Cell-03:LEXY-13_w1RFP-BP_t13,55.68,78
312,210203_LEXY_combined.tif:Cell-04:LEXY-13_w1RFP-BP_t13,7.46,78
313,210203_LEXY_combined.tif:Cell-01:LEXY-13_w1RFP-BP_t14,55.92,79
314,210203_LEXY_combined.tif:Cell-02:LEXY-13_w1RFP-BP_t14,67.60,79
315,210203_LEXY_combined.tif:Cell-03:LEXY-13_w1RFP-BP_t14,55.96,79
316,210203_LEXY_combined.tif:Cell-04:LEXY-13_w1RFP-BP_t14,6.51,79
317,210203_LEXY_combined.tif:Cell-01:LEXY-13_w1RFP-BP_t15,57.61,80
318,210203_LEXY_combined.tif:Cell-02:LEXY-13_w1RFP-BP_t15,69.29,80
319,210203_LEXY_combined.tif:Cell-03:LEXY-13_w1RFP-BP_t15,57.41,80
320,210203_LEXY_combined.tif:Cell-04:LEXY-13_w1RFP-BP_t15,7.89,80
321,210203_LEXY_combined.tif:Cell-01:LEXY-13_w1RFP-BP_t16,57.67,81
322,210203_LEXY_combined.tif:Cell-02:LEXY-13_w1RFP-BP_t16,68.78,81
323,210203_LEXY_combined.tif:Cell-03:LEXY-13_w1RFP-BP_t16,57.20,81
324,210203_LEXY_combined.tif:Cell-04:LEXY-13_w1RFP-BP_t16,6.99,81
325,210203_LEXY_combined.tif:Cell-01:LEXY-13_w1RFP-BP_t17,58.26,82
326,210203_LEXY_combined.tif:Cell-02:LEXY-13_w1RFP-BP_t17,70.30,82
327,210203_LEXY_combined.tif:Cell-03:LEXY-13_w1RFP-BP_t17,58.10,82
328,210203_LEXY_combined.tif:Cell-04:LEXY-13_w1RFP-BP_t17,7.23,82
329,210203_LEXY_combined.tif:Cell-01:LEXY-13_w1RFP-BP_t18,58.97,83
330,210203_LEXY_combined.tif:Cell-02:LEXY-13_w1RFP-BP_t18,70.89,83
331,210203_LEXY_combined.tif:Cell-03:LEXY-13_w1RFP-BP_t18,58.58,83
332,210203_LEXY_combined.tif:Cell-04:LEXY-13_w1RFP-BP_t18,7.41,83
333,210203_LEXY_combined.tif:Cell-01:LEXY-13_w1RFP-BP_t19,59.69,84
334,210203_LEXY_combined.tif:Cell-02:LEXY-13_w1RFP-BP_t19,71.21,84
335,210203_LEXY_combined.tif:Cell-03:LEXY-13_w1RFP-BP_t19,59.14,84
336,210203_LEXY_combined.tif:Cell-04:LEXY-13_w1RFP-BP_t19,7.26,84
337,210203_LEXY_combined.tif:Cell-01:LEXY-13_w1RFP-BP_t20,61.77,85
338,210203_LEXY_combined.tif:Cell-02:LEXY-13_w1RFP-BP_t20,73.68,85
339,210203_LEXY_combined.tif:Cell-03:LEXY-13_w1RFP-BP_t20,61.02,85
340,210203_LEXY_combined.tif:Cell-04:LEXY-13_w1RFP-BP_t20,8.45,85
341,210203_LEXY_combined.tif:Cell-01:LEXY-13_w1RFP-BP_t21,61.07,86
342,210203_LEXY_combined.tif:Cell-02:LEXY-13_w1RFP-BP_t21,72.87,86
343,210203_LEXY_combined.tif:Cell-03:LEXY-13_w1RFP-BP_t21,60.40,86
344,210203_LEXY_combined.tif:Cell-04:LEXY-13_w1RFP-BP_t21,7.70,86
345,210203_LEXY_combined.tif:Cell-01:LEXY-13_w1RFP-BP_t22,62.32,87
346,210203_LEXY_combined.tif:Cell-02:LEXY-13_w1RFP-BP_t22,74.62,87
347,210203_LEXY_combined.tif:Cell-03:LEXY-13_w1RFP-BP_t22,61.69,87
348,210203_LEXY_combined.tif:Cell-04:LEXY-13_w1RFP-BP_t22,8.69,87
349,210203_LEXY_combined.tif:Cell-01:LEXY-13_w1RFP-BP_t23,63.19,88
350,210203_LEXY_combined.tif:Cell-02:LEXY-13_w1RFP-BP_t23,74.93,88
351,210203_LEXY_combined.tif:Cell-03:LEXY-13_w1RFP-BP_t23,62.30,88
352,210203_LEXY_combined.tif:Cell-04:LEXY-13_w1RFP-BP_t23,8.79,88
353,210203_LEXY_combined.tif:Cell-01:LEXY-13_w1RFP-BP_t24,63.59,89
354,210203_LEXY_combined.tif:Cell-02:LEXY-13_w1RFP-BP_t24,75.60,89
355,210203_LEXY_combined.tif:Cell-03:LEXY-13_w1RFP-BP_t24,62.53,89
356,210203_LEXY_combined.tif:Cell-04:LEXY-13_w1RFP-BP_t24,8.75,89
357,210203_LEXY_combined.tif:Cell-01:LEXY-13_w1RFP-BP_t25,63.26,90
358,210203_LEXY_combined.tif:Cell-02:LEXY-13_w1RFP-BP_t25,75.30,90
359,210203_LEXY_combined.tif:Cell-03:LEXY-13_w1RFP-BP_t25,62.33,90
360,210203_LEXY_combined.tif:Cell-04:LEXY-13_w1RFP-BP_t25,7.95,90
361,210203_LEXY_combined.tif:Cell-01:LEXY-13_w1RFP-BP_t26,64.25,91
362,210203_LEXY_combined.tif:Cell-02:LEXY-13_w1RFP-BP_t26,76.59,91
363,210203_LEXY_combined.tif:Cell-03:LEXY-13_w1RFP-BP_t26,63.53,91
364,210203_LEXY_combined.tif:Cell-04:LEXY-13_w1RFP-BP_t26,8.98,91
365,210203_LEXY_combined.tif:Cell-01:LEXY-13_w1RFP-BP_t27,64.23,92
366,210203_LEXY_combined.tif:Cell-02:LEXY-13_w1RFP-BP_t27,76.68,92
367,210203_LEXY_combined.tif:Cell-03:LEXY-13_w1RFP-BP_t27,63.01,92
368,210203_LEXY_combined.tif:Cell-04:LEXY-13_w1RFP-BP_t27,8.19,92
369,210203_LEXY_combined.tif:Cell-01:LEXY-13_w1RFP-BP_t28,65.79,93
370,210203_LEXY_combined.tif:Cell-02:LEXY-13_w1RFP-BP_t28,78.02,93
371,210203_LEXY_combined.tif:Cell-03:LEXY-13_w1RFP-BP_t28,64.67,93
372,210203_LEXY_combined.tif:Cell-04:LEXY-13_w1RFP-BP_t28,9.19,93
373,210203_LEXY_combined.tif:Cell-01:LEXY-13_w1RFP-BP_t29,66.32,94
374,210203_LEXY_combined.tif:Cell-02:LEXY-13_w1RFP-BP_t29,78.53,94
375,210203_LEXY_combined.tif:Cell-03:LEXY-13_w1RFP-BP_t29,64.95,94
376,210203_LEXY_combined.tif:Cell-04:LEXY-13_w1RFP-BP_t29,9.17,94
377,210203_LEXY_combined.tif:Cell-01:LEXY-13_w1RFP-BP_t30,66.82,95
378,210203_LEXY_combined.tif:Cell-02:LEXY-13_w1RFP-BP_t30,79.04,95
379,210203_LEXY_combined.tif:Cell-03:LEXY-13_w1RFP-BP_t30,65.49,95
380,210203_LEXY_combined.tif:Cell-04:LEXY-13_w1RFP-BP_t30,9.24,95
381,210203_LEXY_combined.tif:Cell-01:LEXY-13_w1RFP-BP_t31,66.91,96
382,210203_LEXY_combined.tif:Cell-02:LEXY-13_w1RFP-BP_t31,79.46,96
383,210203_LEXY_combined.tif:Cell-03:LEXY-13_w1RFP-BP_t31,65.63,96
384,210203_LEXY_combined.tif:Cell-04:LEXY-13_w1RFP-BP_t31,9.33,96
385,210203_LEXY_combined.tif:Cell-01:LEXY-13_w1RFP-BP_t32,67.77,97
386,210203_LEXY_combined.tif:Cell-02:LEXY-13_w1RFP-BP_t32,80.54,97
387,210203_LEXY_combined.tif:Cell-03:LEXY-13_w1RFP-BP_t32,66.37,97
388,210203_LEXY_combined.tif:Cell-04:LEXY-13_w1RFP-BP_t32,9.42,97
389,210203_LEXY_combined.tif:Cell-01:LEXY-13_w1RFP-BP_t33,68.17,98
390,210203_LEXY_combined.tif:Cell-02:LEXY-13_w1RFP-BP_t33,80.78,98
391,210203_LEXY_combined.tif:Cell-03:LEXY-13_w1RFP-BP_t33,66.37,98
392,210203_LEXY_combined.tif:Cell-04:LEXY-13_w1RFP-BP_t33,9.38,98
393,210203_LEXY_combined.tif:Cell-01:LEXY-13_w1RFP-BP_t34,68.41,99
394,210203_LEXY_combined.tif:Cell-02:LEXY-13_w1RFP-BP_t34,80.98,99
395,210203_LEXY_combined.tif:Cell-03:LEXY-13_w1RFP-BP_t34,67.03,99
396,210203_LEXY_combined.tif:Cell-04:LEXY-13_w1RFP-BP_t34,9.68,99
397,210203_LEXY_combined.tif:Cell-01:LEXY-13_w1RFP-BP_t35,68.76,100
398,210203_LEXY_combined.tif:Cell-02:LEXY-13_w1RFP-BP_t35,81.50,100
399,210203_LEXY_combined.tif:Cell-03:LEXY-13_w1RFP-BP_t35,67.10,100
400,210203_LEXY_combined.tif:Cell-04:LEXY-13_w1RFP-BP_t35,9.80,100
401,210203_LEXY_combined.tif:Cell-01:LEXY-14_w1RFP-BP_t1,69.67,101
402,210203_LEXY_combined.tif:Cell-02:LEXY-14_w1RFP-BP_t1,82.79,101
403,210203_LEXY_combined.tif:Cell-03:LEXY-14_w1RFP-BP_t1,67.87,101
404,210203_LEXY_combined.tif:Cell-04:LEXY-14_w1RFP-BP_t1,9.42,101
405,210203_LEXY_combined.tif:Cell-01:LEXY-14_w1RFP-BP_t2,66.54,102
406,210203_LEXY_combined.tif:Cell-02:LEXY-14_w1RFP-BP_t2,79.81,102
407,210203_LEXY_combined.tif:Cell-03:LEXY-14_w1RFP-BP_t2,65.56,102
408,210203_LEXY_combined.tif:Cell-04:LEXY-14_w1RFP-BP_t2,8.22,102
409,210203_LEXY_combined.tif:Cell-01:LEXY-14_w1RFP-BP_t3,63.85,103
410,210203_LEXY_combined.tif:Cell-02:LEXY-14_w1RFP-BP_t3,76.67,103
411,210203_LEXY_combined.tif:Cell-03:LEXY-14_w1RFP-BP_t3,63.04,103
412,210203_LEXY_combined.tif:Cell-04:LEXY-14_w1RFP-BP_t3,7.34,103
413,210203_LEXY_combined.tif:Cell-01:LEXY-14_w1RFP-BP_t4,60.09,104
414,210203_LEXY_combined.tif:Cell-02:LEXY-14_w1RFP-BP_t4,73.42,104
415,210203_LEXY_combined.tif:Cell-03:LEXY-14_w1RFP-BP_t4,60.15,104
416,210203_LEXY_combined.tif:Cell-04:LEXY-14_w1RFP-BP_t4,6.33,104
417,210203_LEXY_combined.tif:Cell-01:LEXY-14_w1RFP-BP_t5,57.13,105
418,210203_LEXY_combined.tif:Cell-02:LEXY-14_w1RFP-BP_t5,70.66,105
419,210203_LEXY_combined.tif:Cell-03:LEXY-14_w1RFP-BP_t5,57.51,105
420,210203_LEXY_combined.tif:Cell-04:LEXY-14_w1RFP-BP_t5,5.67,105
421,210203_LEXY_combined.tif:Cell-01:LEXY-14_w1RFP-BP_t6,54.73,106
422,210203_LEXY_combined.tif:Cell-02:LEXY-14_w1RFP-BP_t6,67.74,106
423,210203_LEXY_combined.tif:Cell-03:LEXY-14_w1RFP-BP_t6,55.62,106
424,210203_LEXY_combined.tif:Cell-04:LEXY-14_w1RFP-BP_t6,5.26,106
425,210203_LEXY_combined.tif:Cell-01:LEXY-14_w1RFP-BP_t7,51.98,107
426,210203_LEXY_combined.tif:Cell-02:LEXY-14_w1RFP-BP_t7,64.71,107
427,210203_LEXY_combined.tif:Cell-03:LEXY-14_w1RFP-BP_t7,53.21,107
428,210203_LEXY_combined.tif:Cell-04:LEXY-14_w1RFP-BP_t7,4.85,107
429,210203_LEXY_combined.tif:Cell-01:LEXY-14_w1RFP-BP_t8,51.06,108
430,210203_LEXY_combined.tif:Cell-02:LEXY-14_w1RFP-BP_t8,63.63,108
431,210203_LEXY_combined.tif:Cell-03:LEXY-14_w1RFP-BP_t8,52.50,108
432,210203_LEXY_combined.tif:Cell-04:LEXY-14_w1RFP-BP_t8,5.61,108
433,210203_LEXY_combined.tif:Cell-01:LEXY-14_w1RFP-BP_t9,48.32,109
434,210203_LEXY_combined.tif:Cell-02:LEXY-14_w1RFP-BP_t9,60.45,109
435,210203_LEXY_combined.tif:Cell-03:LEXY-14_w1RFP-BP_t9,50.19,109
436,210203_LEXY_combined.tif:Cell-04:LEXY-14_w1RFP-BP_t9,4.47,109
437,210203_LEXY_combined.tif:Cell-01:LEXY-14_w1RFP-BP_t10,46.95,110
438,210203_LEXY_combined.tif:Cell-02:LEXY-14_w1RFP-BP_t10,58.93,110
439,210203_LEXY_combined.tif:Cell-03:LEXY-14_w1RFP-BP_t10,48.77,110
440,210203_LEXY_combined.tif:Cell-04:LEXY-14_w1RFP-BP_t10,4.36,110
441,210203_LEXY_combined.tif:Cell-01:LEXY-14_w1RFP-BP_t11,45.84,111
442,210203_LEXY_combined.tif:Cell-02:LEXY-14_w1RFP-BP_t11,57.39,111
443,210203_LEXY_combined.tif:Cell-03:LEXY-14_w1RFP-BP_t11,47.80,111
444,210203_LEXY_combined.tif:Cell-04:LEXY-14_w1RFP-BP_t11,4.13,111
445,210203_LEXY_combined.tif:Cell-01:LEXY-14_w1RFP-BP_t12,43.94,112
446,210203_LEXY_combined.tif:Cell-02:LEXY-14_w1RFP-BP_t12,55.75,112
447,210203_LEXY_combined.tif:Cell-03:LEXY-14_w1RFP-BP_t12,46.44,112
448,210203_LEXY_combined.tif:Cell-04:LEXY-14_w1RFP-BP_t12,4.13,112
449,210203_LEXY_combined.tif:Cell-01:LEXY-15_w1RFP-BP_t1,43.85,113
450,210203_LEXY_combined.tif:Cell-02:LEXY-15_w1RFP-BP_t1,53.83,113
451,210203_LEXY_combined.tif:Cell-03:LEXY-15_w1RFP-BP_t1,45.58,113
452,210203_LEXY_combined.tif:Cell-04:LEXY-15_w1RFP-BP_t1,4.53,113
453,210203_LEXY_combined.tif:Cell-01:LEXY-15_w1RFP-BP_t2,44.70,114
454,210203_LEXY_combined.tif:Cell-02:LEXY-15_w1RFP-BP_t2,54.95,114
455,210203_LEXY_combined.tif:Cell-03:LEXY-15_w1RFP-BP_t2,46.43,114
456,210203_LEXY_combined.tif:Cell-04:LEXY-15_w1RFP-BP_t2,4.88,114
457,210203_LEXY_combined.tif:Cell-01:LEXY-15_w1RFP-BP_t3,45.85,115
458,210203_LEXY_combined.tif:Cell-02:LEXY-15_w1RFP-BP_t3,56.20,115
459,210203_LEXY_combined.tif:Cell-03:LEXY-15_w1RFP-BP_t3,47.24,115
460,210203_LEXY_combined.tif:Cell-04:LEXY-15_w1RFP-BP_t3,4.80,115
461,210203_LEXY_combined.tif:Cell-01:LEXY-15_w1RFP-BP_t4,47.03,116
462,210203_LEXY_combined.tif:Cell-02:LEXY-15_w1RFP-BP_t4,57.02,116
463,210203_LEXY_combined.tif:Cell-03:LEXY-15_w1RFP-BP_t4,48.08,116
464,210203_LEXY_combined.tif:Cell-04:LEXY-15_w1RFP-BP_t4,4.96,116
465,210203_LEXY_combined.tif:Cell-01:LEXY-15_w1RFP-BP_t5,48.47,117
466,210203_LEXY_combined.tif:Cell-02:LEXY-15_w1RFP-BP_t5,58.50,117
467,210203_LEXY_combined.tif:Cell-03:LEXY-15_w1RFP-BP_t5,49.18,117
468,210203_LEXY_combined.tif:Cell-04:LEXY-15_w1RFP-BP_t5,5.33,117
469,210203_LEXY_combined.tif:Cell-01:LEXY-15_w1RFP-BP_t6,49.58,118
470,210203_LEXY_combined.tif:Cell-02:LEXY-15_w1RFP-BP_t6,59.62,118
471,210203_LEXY_combined.tif:Cell-03:LEXY-15_w1RFP-BP_t6,50.00,118
472,210203_LEXY_combined.tif:Cell-04:LEXY-15_w1RFP-BP_t6,5.61,118
473,210203_LEXY_combined.tif:Cell-01:LEXY-15_w1RFP-BP_t7,50.38,119
474,210203_LEXY_combined.tif:Cell-02:LEXY-15_w1RFP-BP_t7,60.85,119
475,210203_LEXY_combined.tif:Cell-03:LEXY-15_w1RFP-BP_t7,50.63,119
476,210203_LEXY_combined.tif:Cell-04:LEXY-15_w1RFP-BP_t7,5.47,119
477,210203_LEXY_combined.tif:Cell-01:LEXY-15_w1RFP-BP_t8,51.45,120
478,210203_LEXY_combined.tif:Cell-02:LEXY-15_w1RFP-BP_t8,61.73,120
479,210203_LEXY_combined.tif:Cell-03:LEXY-15_w1RFP-BP_t8,51.71,120
480,210203_LEXY_combined.tif:Cell-04:LEXY-15_w1RFP-BP_t8,5.62,120
481,210203_LEXY_combined.tif:Cell-01:LEXY-15_w1RFP-BP_t9,52.72,121
482,210203_LEXY_combined.tif:Cell-02:LEXY-15_w1RFP-BP_t9,63.17,121
483,210203_LEXY_combined.tif:Cell-03:LEXY-15_w1RFP-BP_t9,52.78,121
484,210203_LEXY_combined.tif:Cell-04:LEXY-15_w1RFP-BP_t9,5.97,121
485,210203_LEXY_combined.tif:Cell-01:LEXY-15_w1RFP-BP_t10,53.88,122
486,210203_LEXY_combined.tif:Cell-02:LEXY-15_w1RFP-BP_t10,64.32,122
487,210203_LEXY_combined.tif:Cell-03:LEXY-15_w1RFP-BP_t10,53.42,122
488,210203_LEXY_combined.tif:Cell-04:LEXY-15_w1RFP-BP_t10,6.12,122
489,210203_LEXY_combined.tif:Cell-01:LEXY-15_w1RFP-BP_t11,54.78,123
490,210203_LEXY_combined.tif:Cell-02:LEXY-15_w1RFP-BP_t11,65.36,123
491,210203_LEXY_combined.tif:Cell-03:LEXY-15_w1RFP-BP_t11,54.15,123
492,210203_LEXY_combined.tif:Cell-04:LEXY-15_w1RFP-BP_t11,6.35,123
493,210203_LEXY_combined.tif:Cell-01:LEXY-15_w1RFP-BP_t12,56.01,124
494,210203_LEXY_combined.tif:Cell-02:LEXY-15_w1RFP-BP_t12,66.69,124
495,210203_LEXY_combined.tif:Cell-03:LEXY-15_w1RFP-BP_t12,55.16,124
496,210203_LEXY_combined.tif:Cell-04:LEXY-15_w1RFP-BP_t12,6.61,124
497,210203_LEXY_combined.tif:Cell-01:LEXY-15_w1RFP-BP_t13,56.43,125
498,210203_LEXY_combined.tif:Cell-02:LEXY-15_w1RFP-BP_t13,66.74,125
499,210203_LEXY_combined.tif:Cell-03:LEXY-15_w1RFP-BP_t13,55.47,125
500,210203_LEXY_combined.tif:Cell-04:LEXY-15_w1RFP-BP_t13,6.54,125
501,210203_LEXY_combined.tif:Cell-01:LEXY-15_w1RFP-BP_t14,57.39,126
502,210203_LEXY_combined.tif:Cell-02:LEXY-15_w1RFP-BP_t14,67.97,126
503,210203_LEXY_combined.tif:Cell-03:LEXY-15_w1RFP-BP_t14,56.40,126
504,210203_LEXY_combined.tif:Cell-04:LEXY-15_w1RFP-BP_t14,6.55,126
505,210203_LEXY_combined.tif:Cell-01:LEXY-15_w1RFP-BP_t15,58.21,127
506,210203_LEXY_combined.tif:Cell-02:LEXY-15_w1RFP-BP_t15,68.99,127
507,210203_LEXY_combined.tif:Cell-03:LEXY-15_w1RFP-BP_t15,56.90,127
508,210203_LEXY_combined.tif:Cell-04:LEXY-15_w1RFP-BP_t15,6.60,127
509,210203_LEXY_combined.tif:Cell-01:LEXY-15_w1RFP-BP_t16,59.07,128
510,210203_LEXY_combined.tif:Cell-02:LEXY-15_w1RFP-BP_t16,69.92,128
511,210203_LEXY_combined.tif:Cell-03:LEXY-15_w1RFP-BP_t16,57.58,128
512,210203_LEXY_combined.tif:Cell-04:LEXY-15_w1RFP-BP_t16,6.96,128
513,210203_LEXY_combined.tif:Cell-01:LEXY-15_w1RFP-BP_t17,60.81,129
514,210203_LEXY_combined.tif:Cell-02:LEXY-15_w1RFP-BP_t17,72.04,129
515,210203_LEXY_combined.tif:Cell-03:LEXY-15_w1RFP-BP_t17,59.52,129
516,210203_LEXY_combined.tif:Cell-04:LEXY-15_w1RFP-BP_t17,8.07,129
517,210203_LEXY_combined.tif:Cell-01:LEXY-15_w1RFP-BP_t18,60.43,130
518,210203_LEXY_combined.tif:Cell-02:LEXY-15_w1RFP-BP_t18,71.96,130
519,210203_LEXY_combined.tif:Cell-03:LEXY-15_w1RFP-BP_t18,58.92,130
520,210203_LEXY_combined.tif:Cell-04:LEXY-15_w1RFP-BP_t18,7.20,130
521,210203_LEXY_combined.tif:Cell-01:LEXY-15_w1RFP-BP_t19,60.92,131
522,210203_LEXY_combined.tif:Cell-02:LEXY-15_w1RFP-BP_t19,72.57,131
523,210203_LEXY_combined.tif:Cell-03:LEXY-15_w1RFP-BP_t19,59.37,131
524,210203_LEXY_combined.tif:Cell-04:LEXY-15_w1RFP-BP_t19,7.22,131
525,210203_LEXY_combined.tif:Cell-01:LEXY-15_w1RFP-BP_t20,61.56,132
526,210203_LEXY_combined.tif:Cell-02:LEXY-15_w1RFP-BP_t20,73.29,132
527,210203_LEXY_combined.tif:Cell-03:LEXY-15_w1RFP-BP_t20,60.05,132
528,210203_LEXY_combined.tif:Cell-04:LEXY-15_w1RFP-BP_t20,7.28,132
529,210203_LEXY_combined.tif:Cell-01:LEXY-15_w1RFP-BP_t21,63.58,133
530,210203_LEXY_combined.tif:Cell-02:LEXY-15_w1RFP-BP_t21,75.51,133
531,210203_LEXY_combined.tif:Cell-03:LEXY-15_w1RFP-BP_t21,61.71,133
532,210203_LEXY_combined.tif:Cell-04:LEXY-15_w1RFP-BP_t21,8.52,133
533,210203_LEXY_combined.tif:Cell-01:LEXY-15_w1RFP-BP_t22,63.34,134
534,210203_LEXY_combined.tif:Cell-02:LEXY-15_w1RFP-BP_t22,74.76,134
535,210203_LEXY_combined.tif:Cell-03:LEXY-15_w1RFP-BP_t22,61.37,134
536,210203_LEXY_combined.tif:Cell-04:LEXY-15_w1RFP-BP_t22,7.61,134
537,210203_LEXY_combined.tif:Cell-01:LEXY-15_w1RFP-BP_t23,64.41,135
538,210203_LEXY_combined.tif:Cell-02:LEXY-15_w1RFP-BP_t23,76.19,135
539,210203_LEXY_combined.tif:Cell-03:LEXY-15_w1RFP-BP_t23,62.69,135
540,210203_LEXY_combined.tif:Cell-04:LEXY-15_w1RFP-BP_t23,8.56,135
541,210203_LEXY_combined.tif:Cell-01:LEXY-15_w1RFP-BP_t24,64.39,136
542,210203_LEXY_combined.tif:Cell-02:LEXY-15_w1RFP-BP_t24,76.46,136
543,210203_LEXY_combined.tif:Cell-03:LEXY-15_w1RFP-BP_t24,62.39,136
544,210203_LEXY_combined.tif:Cell-04:LEXY-15_w1RFP-BP_t24,7.83,136
545,210203_LEXY_combined.tif:Cell-01:LEXY-15_w1RFP-BP_t25,65.57,137
546,210203_LEXY_combined.tif:Cell-02:LEXY-15_w1RFP-BP_t25,77.78,137
547,210203_LEXY_combined.tif:Cell-03:LEXY-15_w1RFP-BP_t25,63.35,137
548,210203_LEXY_combined.tif:Cell-04:LEXY-15_w1RFP-BP_t25,8.83,137
549,210203_LEXY_combined.tif:Cell-01:LEXY-15_w1RFP-BP_t26,65.58,138
550,210203_LEXY_combined.tif:Cell-02:LEXY-15_w1RFP-BP_t26,77.74,138
551,210203_LEXY_combined.tif:Cell-03:LEXY-15_w1RFP-BP_t26,63.46,138
552,210203_LEXY_combined.tif:Cell-04:LEXY-15_w1RFP-BP_t26,7.93,138
553,210203_LEXY_combined.tif:Cell-01:LEXY-15_w1RFP-BP_t27,66.05,139
554,210203_LEXY_combined.tif:Cell-02:LEXY-15_w1RFP-BP_t27,78.29,139
555,210203_LEXY_combined.tif:Cell-03:LEXY-15_w1RFP-BP_t27,63.73,139
556,210203_LEXY_combined.tif:Cell-04:LEXY-15_w1RFP-BP_t27,8.06,139
557,210203_LEXY_combined.tif:Cell-01:LEXY-15_w1RFP-BP_t28,66.77,140
558,210203_LEXY_combined.tif:Cell-02:LEXY-15_w1RFP-BP_t28,78.51,140
559,210203_LEXY_combined.tif:Cell-03:LEXY-15_w1RFP-BP_t28,64.27,140
560,210203_LEXY_combined.tif:Cell-04:LEXY-15_w1RFP-BP_t28,8.17,140
561,210203_LEXY_combined.tif:Cell-01:LEXY-15_w1RFP-BP_t29,67.22,141
562,210203_LEXY_combined.tif:Cell-02:LEXY-15_w1RFP-BP_t29,80.00,141
563,210203_LEXY_combined.tif:Cell-03:LEXY-15_w1RFP-BP_t29,64.53,141
564,210203_LEXY_combined.tif:Cell-04:LEXY-15_w1RFP-BP_t29,8.16,141
565,210203_LEXY_combined.tif:Cell-01:LEXY-15_w1RFP-BP_t30,68.28,142
566,210203_LEXY_combined.tif:Cell-02:LEXY-15_w1RFP-BP_t30,80.79,142
567,210203_LEXY_combined.tif:Cell-03:LEXY-15_w1RFP-BP_t30,65.73,142
568,210203_LEXY_combined.tif:Cell-04:LEXY-15_w1RFP-BP_t30,9.28,142
569,210203_LEXY_combined.tif:Cell-01:LEXY-15_w1RFP-BP_t31,67.94,143
570,210203_LEXY_combined.tif:Cell-02:LEXY-15_w1RFP-BP_t31,80.63,143
571,210203_LEXY_combined.tif:Cell-03:LEXY-15_w1RFP-BP_t31,65.35,143
572,210203_LEXY_combined.tif:Cell-04:LEXY-15_w1RFP-BP_t31,8.36,143
573,210203_LEXY_combined.tif:Cell-01:LEXY-15_w1RFP-BP_t32,69.16,144
574,210203_LEXY_combined.tif:Cell-02:LEXY-15_w1RFP-BP_t32,81.70,144
575,210203_LEXY_combined.tif:Cell-03:LEXY-15_w1RFP-BP_t32,66.46,144
576,210203_LEXY_combined.tif:Cell-04:LEXY-15_w1RFP-BP_t32,9.32,144
577,210203_LEXY_combined.tif:Cell-01:LEXY-15_w1RFP-BP_t33,69.70,145
578,210203_LEXY_combined.tif:Cell-02:LEXY-15_w1RFP-BP_t33,82.52,145
579,210203_LEXY_combined.tif:Cell-03:LEXY-15_w1RFP-BP_t33,67.15,145
580,210203_LEXY_combined.tif:Cell-04:LEXY-15_w1RFP-BP_t33,9.41,145
581,210203_LEXY_combined.tif:Cell-01:LEXY-15_w1RFP-BP_t34,70.03,146
582,210203_LEXY_combined.tif:Cell-02:LEXY-15_w1RFP-BP_t34,83.15,146
583,210203_LEXY_combined.tif:Cell-03:LEXY-15_w1RFP-BP_t34,67.51,146
584,210203_LEXY_combined.tif:Cell-04:LEXY-15_w1RFP-BP_t34,9.41,146
585,210203_LEXY_combined.tif:Cell-01:LEXY-15_w1RFP-BP_t35,70.32,147
586,210203_LEXY_combined.tif:Cell-02:LEXY-15_w1RFP-BP_t35,83.61,147
587,210203_LEXY_combined.tif:Cell-03:LEXY-15_w1RFP-BP_t35,67.42,147
588,210203_LEXY_combined.tif:Cell-04:LEXY-15_w1RFP-BP_t35,9.63,147
589,210203_LEXY_combined.tif:Cell-01:LEXY-16_w1RFP-BP_t1,70.13,148
590,210203_LEXY_combined.tif:Cell-02:LEXY-16_w1RFP-BP_t1,83.33,148
591,210203_LEXY_combined.tif:Cell-03:LEXY-16_w1RFP-BP_t1,67.17,148
592,210203_LEXY_combined.tif:Cell-04:LEXY-16_w1RFP-BP_t1,9.56,148
593,210203_LEXY_combined.tif:Cell-01:LEXY-16_w1RFP-BP_t2,68.06,149
594,210203_LEXY_combined.tif:Cell-02:LEXY-16_w1RFP-BP_t2,80.88,149
595,210203_LEXY_combined.tif:Cell-03:LEXY-16_w1RFP-BP_t2,65.49,149
596,210203_LEXY_combined.tif:Cell-04:LEXY-16_w1RFP-BP_t2,8.75,149
597,210203_LEXY_combined.tif:Cell-01:LEXY-16_w1RFP-BP_t3,64.04,150
598,210203_LEXY_combined.tif:Cell-02:LEXY-16_w1RFP-BP_t3,76.91,150
599,210203_LEXY_combined.tif:Cell-03:LEXY-16_w1RFP-BP_t3,62.33,150
600,210203_LEXY_combined.tif:Cell-04:LEXY-16_w1RFP-BP_t3,6.98,150
601,210203_LEXY_combined.tif:Cell-01:LEXY-16_w1RFP-BP_t4,61.54,151
602,210203_LEXY_combined.tif:Cell-02:LEXY-16_w1RFP-BP_t4,74.58,151
603,210203_LEXY_combined.tif:Cell-03:LEXY-16_w1RFP-BP_t4,60.46,151
604,210203_LEXY_combined.tif:Cell-04:LEXY-16_w1RFP-BP_t4,7.15,151
605,210203_LEXY_combined.tif:Cell-01:LEXY-16_w1RFP-BP_t5,58.41,152
606,210203_LEXY_combined.tif:Cell-02:LEXY-16_w1RFP-BP_t5,71.29,152
607,210203_LEXY_combined.tif:Cell-03:LEXY-16_w1RFP-BP_t5,57.56,152
608,210203_LEXY_combined.tif:Cell-04:LEXY-16_w1RFP-BP_t5,5.80,152
609,210203_LEXY_combined.tif:Cell-01:LEXY-16_w1RFP-BP_t6,55.57,153
610,210203_LEXY_combined.tif:Cell-02:LEXY-16_w1RFP-BP_t6,67.96,153
611,210203_LEXY_combined.tif:Cell-03:LEXY-16_w1RFP-BP_t6,55.25,153
612,210203_LEXY_combined.tif:Cell-04:LEXY-16_w1RFP-BP_t6,5.35,153
613,210203_LEXY_combined.tif:Cell-01:LEXY-16_w1RFP-BP_t7,54.99,154
614,210203_LEXY_combined.tif:Cell-02:LEXY-16_w1RFP-BP_t7,66.73,154
615,210203_LEXY_combined.tif:Cell-03:LEXY-16_w1RFP-BP_t7,54.63,154
616,210203_LEXY_combined.tif:Cell-04:LEXY-16_w1RFP-BP_t7,5.94,154
617,210203_LEXY_combined.tif:Cell-01:LEXY-16_w1RFP-BP_t8,52.10,155
618,210203_LEXY_combined.tif:Cell-02:LEXY-16_w1RFP-BP_t8,63.56,155
619,210203_LEXY_combined.tif:Cell-03:LEXY-16_w1RFP-BP_t8,52.06,155
620,210203_LEXY_combined.tif:Cell-04:LEXY-16_w1RFP-BP_t8,4.96,155
621,210203_LEXY_combined.tif:Cell-01:LEXY-16_w1RFP-BP_t9,50.25,156
622,210203_LEXY_combined.tif:Cell-02:LEXY-16_w1RFP-BP_t9,61.51,156
623,210203_LEXY_combined.tif:Cell-03:LEXY-16_w1RFP-BP_t9,50.71,156
624,210203_LEXY_combined.tif:Cell-04:LEXY-16_w1RFP-BP_t9,4.77,156
625,210203_LEXY_combined.tif:Cell-01:LEXY-16_w1RFP-BP_t10,49.10,157
626,210203_LEXY_combined.tif:Cell-02:LEXY-16_w1RFP-BP_t10,59.23,157
627,210203_LEXY_combined.tif:Cell-03:LEXY-16_w1RFP-BP_t10,49.38,157
628,210203_LEXY_combined.tif:Cell-04:LEXY-16_w1RFP-BP_t10,4.48,157
629,210203_LEXY_combined.tif:Cell-01:LEXY-16_w1RFP-BP_t11,47.92,158
630,210203_LEXY_combined.tif:Cell-02:LEXY-16_w1RFP-BP_t11,57.79,158
631,210203_LEXY_combined.tif:Cell-03:LEXY-16_w1RFP-BP_t11,48.56,158
632,210203_LEXY_combined.tif:Cell-04:LEXY-16_w1RFP-BP_t11,4.47,158
633,210203_LEXY_combined.tif:Cell-01:LEXY-16_w1RFP-BP_t12,47.82,159
634,210203_LEXY_combined.tif:Cell-02:LEXY-16_w1RFP-BP_t12,57.31,159
635,210203_LEXY_combined.tif:Cell-03:LEXY-16_w1RFP-BP_t12,48.33,159
636,210203_LEXY_combined.tif:Cell-04:LEXY-16_w1RFP-BP_t12,5.31,159
637,210203_LEXY_combined.tif:Cell-01:LEXY-16_w1RFP-BP_t13,47.05,160
638,210203_LEXY_combined.tif:Cell-02:LEXY-16_w1RFP-BP_t13,56.18,160
639,210203_LEXY_combined.tif:Cell-03:LEXY-16_w1RFP-BP_t13,47.58,160
640,210203_LEXY_combined.tif:Cell-04:LEXY-16_w1RFP-BP_t13,5.28,160
641,210203_LEXY_combined.tif:Cell-01:LEXY-16_w1RFP-BP_t14,45.54,161
642,210203_LEXY_combined.tif:Cell-02:LEXY-16_w1RFP-BP_t14,53.96,161
643,210203_LEXY_combined.tif:Cell-03:LEXY-16_w1RFP-BP_t14,45.99,161
644,210203_LEXY_combined.tif:Cell-04:LEXY-16_w1RFP-BP_t14,4.16,161
645,210203_LEXY_combined.tif:Cell-01:LEXY-16_w1RFP-BP_t15,44.98,162
646,210203_LEXY_combined.tif:Cell-02:LEXY-16_w1RFP-BP_t15,53.02,162
647,210203_LEXY_combined.tif:Cell-03:LEXY-16_w1RFP-BP_t15,45.34,162
648,210203_LEXY_combined.tif:Cell-04:LEXY-16_w1RFP-BP_t15,4.35,162
649,210203_LEXY_combined.tif:Cell-01:LEXY-16_w1RFP-BP_t16,44.99,163
650,210203_LEXY_combined.tif:Cell-02:LEXY-16_w1RFP-BP_t16,52.70,163
651,210203_LEXY_combined.tif:Cell-03:LEXY-16_w1RFP-BP_t16,45.41,163
652,210203_LEXY_combined.tif:Cell-04:LEXY-16_w1RFP-BP_t16,5.43,163
653,210203_LEXY_combined.tif:Cell-01:LEXY-16_w1RFP-BP_t17,44.98,164
654,210203_LEXY_combined.tif:Cell-02:LEXY-16_w1RFP-BP_t17,51.97,164
655,210203_LEXY_combined.tif:Cell-03:LEXY-16_w1RFP-BP_t17,45.14,164
656,210203_LEXY_combined.tif:Cell-04:LEXY-16_w1RFP-BP_t17,5.28,164
657,210203_LEXY_combined.tif:Cell-01:LEXY-16_w1RFP-BP_t18,43.38,165
658,210203_LEXY_combined.tif:Cell-02:LEXY-16_w1RFP-BP_t18,50.21,165
659,210203_LEXY_combined.tif:Cell-03:LEXY-16_w1RFP-BP_t18,43.35,165
660,210203_LEXY_combined.tif:Cell-04:LEXY-16_w1RFP-BP_t18,4.26,165
661,210203_LEXY_combined.tif:Cell-01:LEXY-16_w1RFP-BP_t19,43.18,166
662,210203_LEXY_combined.tif:Cell-02:LEXY-16_w1RFP-BP_t19,49.76,166
663,210203_LEXY_combined.tif:Cell-03:LEXY-16_w1RFP-BP_t19,43.54,166
664,210203_LEXY_combined.tif:Cell-04:LEXY-16_w1RFP-BP_t19,4.34,166
665,210203_LEXY_combined.tif:Cell-01:LEXY-16_w1RFP-BP_t20,42.90,167
666,210203_LEXY_combined.tif:Cell-02:LEXY-16_w1RFP-BP_t20,48.95,167
667,210203_LEXY_combined.tif:Cell-03:LEXY-16_w1RFP-BP_t20,42.96,167
668,210203_LEXY_combined.tif:Cell-04:LEXY-16_w1RFP-BP_t20,4.28,167
669,210203_LEXY_combined.tif:Cell-01:LEXY-16_w1RFP-BP_t21,42.70,168
670,210203_LEXY_combined.tif:Cell-02:LEXY-16_w1RFP-BP_t21,48.45,168
671,210203_LEXY_combined.tif:Cell-03:LEXY-16_w1RFP-BP_t21,42.69,168
672,210203_LEXY_combined.tif:Cell-04:LEXY-16_w1RFP-BP_t21,4.24,168
673,210203_LEXY_combined.tif:Cell-01:LEXY-16_w1RFP-BP_t22,42.92,169
674,210203_LEXY_combined.tif:Cell-02:LEXY-16_w1RFP-BP_t22,48.31,169
675,210203_LEXY_combined.tif:Cell-03:LEXY-16_w1RFP-BP_t22,42.70,169
676,210203_LEXY_combined.tif:Cell-04:LEXY-16_w1RFP-BP_t22,4.33,169
677,210203_LEXY_combined.tif:Cell-01:LEXY-16_w1RFP-BP_t23,42.80,170
678,210203_LEXY_combined.tif:Cell-02:LEXY-16_w1RFP-BP_t23,47.72,170
679,210203_LEXY_combined.tif:Cell-03:LEXY-16_w1RFP-BP_t23,42.51,170
680,210203_LEXY_combined.tif:Cell-04:LEXY-16_w1RFP-BP_t23,4.45,170
681,210203_LEXY_combined.tif:Cell-01:LEXY-16_w1RFP-BP_t24,42.55,171
682,210203_LEXY_combined.tif:Cell-02:LEXY-16_w1RFP-BP_t24,47.21,171
683,210203_LEXY_combined.tif:Cell-03:LEXY-16_w1RFP-BP_t24,42.11,171
684,210203_LEXY_combined.tif:Cell-04:LEXY-16_w1RFP-BP_t24,4.21,171
685,210203_LEXY_combined.tif:Cell-01:LEXY-16_w1RFP-BP_t25,42.52,172
686,210203_LEXY_combined.tif:Cell-02:LEXY-16_w1RFP-BP_t25,47.01,172
687,210203_LEXY_combined.tif:Cell-03:LEXY-16_w1RFP-BP_t25,42.02,172
688,210203_LEXY_combined.tif:Cell-04:LEXY-16_w1RFP-BP_t25,4.49,172
689,210203_LEXY_combined.tif:Cell-01:LEXY-16_w1RFP-BP_t26,42.79,173
690,210203_LEXY_combined.tif:Cell-02:LEXY-16_w1RFP-BP_t26,46.78,173
691,210203_LEXY_combined.tif:Cell-03:LEXY-16_w1RFP-BP_t26,41.94,173
692,210203_LEXY_combined.tif:Cell-04:LEXY-16_w1RFP-BP_t26,4.41,173
693,210203_LEXY_combined.tif:Cell-01:LEXY-16_w1RFP-BP_t27,43.30,174
694,210203_LEXY_combined.tif:Cell-02:LEXY-16_w1RFP-BP_t27,47.10,174
695,210203_LEXY_combined.tif:Cell-03:LEXY-16_w1RFP-BP_t27,42.47,174
696,210203_LEXY_combined.tif:Cell-04:LEXY-16_w1RFP-BP_t27,5.29,174
697,210203_LEXY_combined.tif:Cell-01:LEXY-16_w1RFP-BP_t28,42.44,175
698,210203_LEXY_combined.tif:Cell-02:LEXY-16_w1RFP-BP_t28,46.11,175
699,210203_LEXY_combined.tif:Cell-03:LEXY-16_w1RFP-BP_t28,41.77,175
700,210203_LEXY_combined.tif:Cell-04:LEXY-16_w1RFP-BP_t28,4.50,175
701,210203_LEXY_combined.tif:Cell-01:LEXY-16_w1RFP-BP_t29,43.37,176
702,210203_LEXY_combined.tif:Cell-02:LEXY-16_w1RFP-BP_t29,46.80,176
703,210203_LEXY_combined.tif:Cell-03:LEXY-16_w1RFP-BP_t29,42.60,176
704,210203_LEXY_combined.tif:Cell-04:LEXY-16_w1RFP-BP_t29,5.54,176
705,210203_LEXY_combined.tif:Cell-01:LEXY-16_w1RFP-BP_t30,43.65,177
706,210203_LEXY_combined.tif:Cell-02:LEXY-16_w1RFP-BP_t30,46.87,177
707,210203_LEXY_combined.tif:Cell-03:LEXY-16_w1RFP-BP_t30,42.50,177
708,210203_LEXY_combined.tif:Cell-04:LEXY-16_w1RFP-BP_t30,5.32,177
709,210203_LEXY_combined.tif:Cell-01:LEXY-16_w1RFP-BP_t31,42.98,178
710,210203_LEXY_combined.tif:Cell-02:LEXY-16_w1RFP-BP_t31,45.97,178
711,210203_LEXY_combined.tif:Cell-03:LEXY-16_w1RFP-BP_t31,41.95,178
712,210203_LEXY_combined.tif:Cell-04:LEXY-16_w1RFP-BP_t31,4.46,178
713,210203_LEXY_combined.tif:Cell-01:LEXY-16_w1RFP-BP_t32,42.67,179
714,210203_LEXY_combined.tif:Cell-02:LEXY-16_w1RFP-BP_t32,45.49,179
715,210203_LEXY_combined.tif:Cell-03:LEXY-16_w1RFP-BP_t32,42.10,179
716,210203_LEXY_combined.tif:Cell-04:LEXY-16_w1RFP-BP_t32,4.52,179
717,210203_LEXY_combined.tif:Cell-01:LEXY-16_w1RFP-BP_t33,44.24,180
718,210203_LEXY_combined.tif:Cell-02:LEXY-16_w1RFP-BP_t33,46.90,180
719,210203_LEXY_combined.tif:Cell-03:LEXY-16_w1RFP-BP_t33,42.78,180
720,210203_LEXY_combined.tif:Cell-04:LEXY-16_w1RFP-BP_t33,5.30,180
721,210203_LEXY_combined.tif:Cell-01:LEXY-16_w1RFP-BP_t34,44.14,181
722,210203_LEXY_combined.tif:Cell-02:LEXY-16_w1RFP-BP_t34,46.85,181
723,210203_LEXY_combined.tif:Cell-03:LEXY-16_w1RFP-BP_t34,42.94,181
724,210203_LEXY_combined.tif:Cell-04:LEXY-16_w1RFP-BP_t34,5.37,181
725,210203_LEXY_combined.tif:Cell-01:LEXY-16_w1RFP-BP_t35,44.04,182
726,210203_LEXY_combined.tif:Cell-02:LEXY-16_w1RFP-BP_t35,46.58,182
727,210203_LEXY_combined.tif:Cell-03:LEXY-16_w1RFP-BP_t35,42.73,182
728,210203_LEXY_combined.tif:Cell-04:LEXY-16_w1RFP-BP_t35,5.40,182
